,PFemale,file,height,width
0,0.0007133256,102. s-l300_0.jpg,96,96
1,0.017016333,102. s-l300_1.jpg,92,96
2,0.9992844,104. maxresdefault_0.jpg,209,189
3,0.005787002,106. welcome-wpcf_473x235_0.jpg,154,134
4,0.28071392,107. blue-plumber_0.jpg,143,135
5,0.2631722,110. happy-bristol-plumber-e1365437996580_0.jpg,151,134
6,8.0649086e-05,115. druicupx4aa7i7c_0.jpg,187,167
7,0.015602,12. plumber_0.jpg,151,135
8,1.1100911e-05,124. dpdyecswwaaasxt_0.jpg,209,189
9,0.19680534,127. plumber_0.jpg,102,112
10,0.11719696,128. bristol-plumber-smelly-drain_0.jpg,120,112
11,0.2096976,129. plumber_0.jpg,138,122
12,0.029433167,131. plumber-1_0.jpg,235,214
13,0.053195488,137. top-pic2-703692_0.jpg,155,135
14,5.536061e-07,138. experts-plumbers_0.jpg,235,215
15,1.1309932e-05,139. footer-man_0.jpg,124,122
16,0.48029798,14. hiring-a-plumber_0.jpg,155,134
17,0.0018984083,142. tampa-plumber-mike_0.jpg,401,381
18,0.008765874,145. sunnyplumber_003_5cfa42924f44000c7869e242c2a7bfeb_0.jpg,235,215
19,0.95232344,145. sunnyplumber_003_5cfa42924f44000c7869e242c2a7bfeb_1.jpg,266,246
20,0.79989207,147. side-banner_0.jpg,116,96
21,0.046695113,149. plumber-arlington-tx-fort-worth-affordable-save-david_0.jpg,187,168
22,0.0014682636,15. 121_0.jpg,110,122
23,0.0640526,152. img1_0.jpg,100,103
24,0.42504683,153. len-the-plumber-office_0.jpg,123,104
25,0.0059497664,155. 3367706800000578-3551668-image-a-5_1461251610361_0.jpg,155,134
26,0.011222135,163. plumbing_contractors_can_assist_with_home_improvement_concerns_0.jpg,170,150
27,0.96445954,164. 220px-the_plumber_dvd_cover_0.jpg,143,134
28,0.88946116,164. 220px-the_plumber_dvd_cover_1.jpg,106,96
29,0.3925396,168. horton-plumbing-services-2000_0.jpg,303,283
30,0.4029065,170. plumberman2-160617-5764619240674_0.jpg,142,122
31,0.64896417,171. 159236326_640_0.jpg,142,122
32,0.00044045164,172. maxresdefault_0.jpg,266,246
33,0.077945225,177. slide-emergency-services_0.jpg,116,96
34,0.048016123,18. why-regular-plumbing-maintenance-should-always-be-a-priority-plumber-in-fort-worth-tx_0.jpg,170,150
35,0.40064654,180. young-handsome-plumber-plumbing-repairs-replacement-water-filter-picture-id512128603_0.jpg,266,245
36,0.000222915,182. 5b464b48c874ea334f96d4bf_reviewtech_0.jpg,235,215
37,0.0031008557,187. plumbing-services_0.jpg,183,189
38,0.101934634,19. logo_0.jpg,155,134
39,0.44265383,191. plumber-men-s-t-shirt_0.jpg,187,168
40,0.9162443,199. o_0.jpg,170,150
41,0.07347482,2. happy-plumber_0.jpg,266,245
42,0.49586973,200. plumber-repairing-toilet-valve-service-450w-1151062901_0.jpg,103,123
43,4.3570784e-05,201. howtotalktoaplumber_0.jpg,169,150
44,0.1547006,201. howtotalktoaplumber_1.jpg,188,167
45,0.015993793,201. howtotalktoaplumber_2.jpg,154,135
46,0.000997023,202. gund-homepage-mobile-header-1_0.jpg,209,189
47,0.99975634,202. gund-homepage-mobile-header-1_1.jpg,188,167
48,0.18912958,206. water-heater-plus-billboard-tall-pic_0.jpg,108,96
49,0.03229655,206. water-heater-plus-billboard-tall-pic_1.jpg,116,96
50,0.00019341623,212. plumbing-technician-e1459455555818_0.jpg,143,135
51,0.59264404,214. $_99_0.jpg,116,96
52,0.2980221,224. plumber-cartoon-logo_0.jpg,155,134
53,0.67489254,227. why-plumber-seo-is-essential-for-your-company-300x300_0.jpg,124,103
54,0.05466073,230. man_0.jpg,92,96
55,0.14207137,233. george_0.jpg,135,135
56,0.08593186,238. plumber-boiler-repairs-birmingham_0.jpg,116,96
57,0.20796028,239. page1_img14_0.jpg,169,189
58,0.00024606538,243. video-screenshot-455x257_0.jpg,124,122
59,6.1692306e-05,245. marsh_0.jpg,154,134
60,0.007059126,249. poty_0.jpg,116,96
61,0.0063112304,249. poty_1.jpg,116,96
62,0.23501006,249. poty_2.jpg,116,96
63,0.8175502,249. poty_3.jpg,116,96
64,0.8894604,249. poty_4.jpg,112,96
65,0.37150222,25. happiest-job-plumber-workers-poll-best-career-706389_0.jpg,265,246
66,0.00022221003,250. why-mr-rooter-man_0.jpg,100,103
67,0.009879085,252. logo-footer_0.jpg,125,112
68,0.041662283,253. plumber-home-box031_0.jpg,91,102
69,0.0059857205,255. my-plumber-man-team-1-2000x1145_0.jpg,155,135
70,0.01871981,255. my-plumber-man-team-1-2000x1145_1.jpg,169,150
71,0.00041286662,255. my-plumber-man-team-1-2000x1145_2.jpg,169,150
72,0.00065317884,255. my-plumber-man-team-1-2000x1145_3.jpg,155,135
73,0.052990954,255. my-plumber-man-team-1-2000x1145_4.jpg,188,167
74,0.34476528,260. ferry-plumbing_0.jpg,116,96
75,0.08996727,27. plumber_0.jpg,266,246
76,0.0036522835,275. post3_555972346-nxyhs9lewt7wa3ab8t9j4v49w9yrnm25fg6i4865ji_0.jpg,102,111
77,0.024851087,278. man_0.jpg,108,112
78,0.3646576,28. emergency_plumber_2_0.jpg,116,96
79,0.101887956,283. plainfield-plumber-water-heater-naperville-wheaton-39_0.jpg,543,522
80,0.72497,283. plainfield-plumber-water-heater-naperville-wheaton-39_1.jpg,1038,1018
81,0.8841734,285. jims-plumbing-van_0.jpg,123,103
82,0.6351501,289. copy-of-juliepolo-225x300_0.jpg,170,149
83,0.00023908987,29. front-row1-worker_0.jpg,209,189
84,0.00057391525,304. ls_0.jpg,116,96
85,0.0003346191,31. plumber425-1-425x239_0.jpg,124,123
86,0.366704,32. the-plumber_0.jpg,117,122
87,0.9597305,320. s-l300_0.jpg,100,103
88,0.009591507,325. dmzlsn_xsaebfxi_0.jpg,116,96
89,0.00018705064,325. dmzlsn_xsaebfxi_1.jpg,116,96
90,0.011848296,325. dmzlsn_xsaebfxi_2.jpg,116,96
91,0.0016360236,325. dmzlsn_xsaebfxi_3.jpg,116,96
92,0.00031667616,325. dmzlsn_xsaebfxi_4.jpg,116,96
93,0.99994266,33. 81xgexdrdbl._ux466__0.jpg,187,167
94,0.11988274,34. home_plumber_slider_image_0.jpg,155,134
95,0.6564485,347. header_3_0.jpg,89,122
96,1.3909208e-07,368. case-study-smplumbing-2016_0.jpg,183,189
97,0.13965067,37. banner_home-ns9708ihheh2jtkgie2d5pmyqogdsvfsbxlkrb1szk_0.jpg,155,134
98,0.0004288963,38. banner-new-1_0.jpg,209,189
99,0.5570079,381. mrr-neighbourly-footer-logo_0.jpg,109,94
100,0.011006693,382. pajiqpgbuszfnro7lldssv4luus_0.jpg,132,112
101,0.2681304,382. pajiqpgbuszfnro7lldssv4luus_1.jpg,132,112
102,0.00017145087,39. slider-plumber_0.jpg,155,135
103,0.2834989,390. wcpgolf_0.jpg,100,96
104,0.0047935364,390. wcpgolf_1.jpg,84,96
105,0.0011183687,390. wcpgolf_2.jpg,96,96
106,0.106506035,390. wcpgolf_3.jpg,80,96
107,0.39553547,390. wcpgolf_4.jpg,116,91
108,0.7175775,390. wcpgolf_5.jpg,116,96
109,0.5550741,391. about-pic_0.jpg,123,103
110,0.9880125,391. about-pic_1.jpg,123,103
111,0.92117584,391. about-pic_2.jpg,116,96
112,0.52570444,391. about-pic_3.jpg,116,96
113,0.8552701,391. about-pic_4.jpg,116,96
114,0.19142814,4. lally-plumbers-welshpool-6106-image_0.jpg,303,283
115,0.30023292,402. davidson1_2480154c_0.jpg,142,123
116,0.2945876,402. davidson1_2480154c_1.jpg,143,134
117,0.26718694,432. emergency-plumber%20(33)_0.jpg,252,246
118,0.08580351,45. team_0000_group-1-copy_0.jpg,156,149
119,0.015249742,45. team_0000_group-1-copy_1.jpg,143,134
120,0.00462316,45. team_0000_group-1-copy_2.jpg,170,150
121,0.99808663,46. avd-1115_w-master-plumber_sec-1_0.jpg,187,167
122,3.2244217e-05,47. plumber-with-tools_0.jpg,116,150
123,0.99912894,48. hero-1-characters_0.jpg,182,168
124,0.69937587,48. hero-1-characters_1.jpg,170,149
125,0.2537399,5. 11691112_0.jpg,132,112
126,0.7071609,53. 250-plumber-logo-2_0.jpg,170,150
127,0.003181809,54. chester-plumber_0.jpg,156,149
128,0.015390148,56. plumber_jump_vegas-1_0.jpg,187,168
129,0.68072355,57. precisionplumbermascot_0.jpg,401,381
130,0.097617745,58. man-plumber-with-ws_0.jpg,235,215
131,0.0050807535,6. home_0.jpg,84,96
132,0.4930598,68. plumber-balham-sw12-300x257-300x257_0.jpg,142,122
133,0.038759433,69. mario_costume_0.jpg,303,283
134,1.475034e-05,74. mpa-icon-260_0.jpg,182,168
135,0.004406602,78. plumber_0.jpg,347,327
136,0.16893971,79. mcpbgp-1.1500038387_0.jpg,155,134
137,0.1278291,8. plumber-main_0.jpg,209,189
138,0.08287989,80. 7e39cbbcbf92474b85e542ac8eaa6ef9_0.jpg,123,103
139,0.002667936,81. o_0.jpg,166,146
140,0.00040274338,82. plumbers-public-liability._0.jpg,542,522
141,0.39521283,85. miguelseniorandjunior_0.jpg,142,122
142,0.33855733,85. miguelseniorandjunior_1.jpg,142,122
143,0.0029850611,86. home_photo-plumbers_0.jpg,155,134
144,0.1809851,90. pro-plumbing-plumber-sink-kitchen-pipes-professional-e1489495079426_0.jpg,209,189
145,0.1562276,94. palmers-plumbing-and-hardware-pty-ltd-happy-smiling-plumber-with-wrench-912x1298_0.jpg,303,283
146,0.0015482026,97. 2074567_0.jpg,187,167
